time,noise
2019-12-30,448.9879999999997
2019-12-31,355.7619999999997
2020-01-01,147.40100000000007
2020-01-10,418.4179999999998
2020-01-11,168.00200000000004
2020-01-12,152.78000000000003
2020-01-13,376.85200000000003
2020-01-14,492.74799999999937
2020-01-15,424.9009999999998
2020-01-16,415.37399999999957
2020-01-17,450.82199999999955
2020-01-18,206.76799999999992
2020-01-19,170.25800000000012
2020-01-02,472.1919999999995
2020-01-20,185.53499999999997
2020-01-21,451.1919999999996
2020-01-22,508.0129999999991
2020-01-23,410.65699999999964
2020-01-24,445.72299999999956
2020-01-25,210.78599999999992
2020-01-26,193.04699999999997
2020-01-27,507.6479999999995
2020-01-28,417.49599999999964
2020-01-29,402.2879999999995
2020-01-03,417.7039999999996
2020-01-30,908.4989999999955
2020-01-31,1155.5469999999932
2020-01-04,148.65600000000006
2020-01-05,195.01799999999986
2020-01-06,575.238999999999
2020-01-07,467.9169999999995
2020-01-08,503.2809999999991
2020-01-09,457.8479999999998
2020-10-01,1021.5629999999946
2020-10-10,489.2669999999993
2020-10-11,594.0189999999985
2020-10-12,1643.3959999999872
2020-10-13,1401.4469999999906
2020-10-14,1080.8959999999945
2020-10-15,1012.9609999999957
2020-10-16,994.022999999995
2020-10-17,465.51399999999984
2020-10-18,412.07899999999984
2020-10-19,935.781999999996
2020-10-02,949.9419999999957
2020-10-20,1027.9349999999963
2020-10-21,987.3599999999959
2020-10-22,1053.439999999996
2020-10-23,1086.2939999999949
2020-10-24,438.76599999999956
2020-10-25,479.3009999999993
2020-10-26,991.6899999999961
2020-10-27,805.6349999999965
2020-10-28,902.008999999995
2020-10-29,1803.103999999984
2020-10-03,367.26499999999965
2020-10-30,1292.4459999999915
2020-10-31,340.6759999999999
2020-10-04,429.9619999999995
2020-10-05,1025.1289999999965
2020-10-06,1133.9499999999946
2020-10-07,1117.2329999999945
2020-10-08,928.6689999999961
2020-10-09,1097.1649999999945
2020-11-01,333.04999999999995
2020-11-10,847.540999999998
2020-11-11,793.2019999999972
2020-11-12,697.1529999999979
2020-11-13,681.3749999999974
2020-11-14,259.222
2020-11-15,324.83899999999994
2020-11-16,715.4399999999973
2020-11-17,1255.5229999999913
2020-11-18,847.9209999999956
2020-11-19,822.8579999999968
2020-11-02,892.9549999999964
2020-11-20,782.1219999999972
2020-11-21,304.83599999999973
2020-11-22,275.3860000000001
2020-11-23,772.0459999999963
2020-11-24,877.5249999999962
2020-11-25,908.9049999999969
2020-11-26,291.22299999999996
2020-11-27,640.2159999999981
2020-11-28,321.3230000000001
2020-11-29,388.9539999999999
2020-11-03,755.9759999999973
2020-11-30,794.3519999999966
2020-11-04,809.5119999999971
2020-11-05,771.1109999999965
2020-11-06,643.7519999999981
2020-11-07,251.28300000000002
2020-11-08,198.80100000000007
2020-11-09,857.7069999999957
2020-12-01,1232.8789999999917
2020-12-10,875.1909999999959
2020-12-11,720.2889999999975
2020-12-12,329.30799999999977
2020-12-13,368.4989999999996
2020-12-14,949.5759999999948
2020-12-15,988.7909999999949
2020-12-16,1231.9579999999908
2020-12-17,1009.5649999999948
2020-12-18,786.5589999999967
2020-12-19,377.541
2020-12-02,1020.8609999999935
2020-12-20,410.99799999999965
2020-12-21,767.7299999999966
2020-12-22,797.2679999999967
2020-12-23,812.1259999999967
2020-12-24,548.3099999999991
2020-12-25,169.58200000000008
2020-12-26,247.67999999999995
2020-12-27,299.86899999999997
2020-12-28,1024.244999999994
2020-12-29,957.8179999999961
2020-12-03,849.8849999999957
2020-12-30,804.9029999999975
2020-12-31,700.8719999999983
2020-12-04,861.3659999999962
2020-12-05,418.5789999999997
2020-12-06,409.6899999999997
2020-12-07,819.5489999999962
2020-12-08,943.2609999999949
2020-12-09,912.7429999999945
2020-02-01,329.576
2020-02-10,647.365999999998
2020-02-11,740.4509999999981
2020-02-12,560.594999999999
2020-02-13,601.9589999999984
2020-02-14,466.75199999999916
2020-02-15,190.63300000000015
2020-02-16,174.076
2020-02-17,257.28099999999995
2020-02-18,508.33499999999975
2020-02-19,507.3249999999993
2020-02-02,258.0420000000001
2020-02-20,472.91799999999927
2020-02-21,478.1139999999996
2020-02-22,153.6980000000001
2020-02-23,164.50300000000001
2020-02-24,472.6959999999994
2020-02-25,541.635999999999
2020-02-26,481.4779999999992
2020-02-27,634.4389999999984
2020-02-28,598.9509999999985
2020-02-29,202.0
2020-02-03,560.755999999999
2020-02-04,593.9589999999992
2020-02-05,523.7839999999992
2020-02-06,426.9589999999996
2020-02-07,525.0919999999994
2020-02-08,184.43499999999995
2020-02-09,194.38299999999995
2020-03-01,155.33000000000007
2020-03-10,455.29599999999937
2020-03-11,507.7229999999992
2020-03-12,559.3299999999982
2020-03-13,511.20699999999937
2020-03-14,158.59600000000003
2020-03-15,253.91699999999983
2020-03-16,475.3809999999992
2020-03-17,592.2399999999989
2020-03-18,592.713999999999
2020-03-19,532.0659999999992
2020-03-02,406.6969999999998
2020-03-20,462.68799999999936
2020-03-21,208.94299999999996
2020-03-22,194.53499999999997
2020-03-23,524.9889999999992
2020-03-24,530.8279999999995
2020-03-25,511.33399999999915
2020-03-26,378.99399999999974
2020-03-27,354.3229999999999
2020-03-28,141.09900000000002
2020-03-29,184.52100000000004
2020-03-03,517.541999999999
2020-03-30,415.14699999999993
2020-03-31,394.97799999999984
2020-03-04,449.1489999999997
2020-03-05,475.09599999999955
2020-03-06,508.084999999999
2020-03-07,149.354
2020-03-08,144.00599999999994
2020-03-09,607.061999999998
2020-04-01,462.7519999999997
2020-04-10,169.9639999999999
2020-04-11,139.09900000000005
2020-04-12,218.441
2020-04-13,1027.4959999999955
2020-04-14,1038.0539999999962
2020-04-15,877.0589999999967
2020-04-16,1217.5839999999926
2020-04-17,833.109999999997
2020-04-18,268.771
2020-04-19,277.9149999999998
2020-04-02,450.49199999999956
2020-04-20,731.8819999999971
2020-04-21,639.7309999999982
2020-04-22,500.5289999999998
2020-04-23,685.0829999999976
2020-04-24,555.2139999999989
2020-04-25,322.8269999999999
2020-04-26,351.82399999999967
2020-04-27,792.8939999999972
2020-04-28,708.3569999999972
2020-04-29,668.3669999999983
2020-04-03,383.62199999999984
2020-04-30,1320.9139999999904
2020-04-04,158.73800000000003
2020-04-05,155.06000000000006
2020-04-06,404.86499999999995
2020-04-07,417.7889999999996
2020-04-08,438.9679999999995
2020-04-09,412.81399999999945
2020-05-01,1050.6269999999956
2020-05-10,218.671
2020-05-11,696.798999999998
2020-05-12,656.7749999999978
2020-05-13,721.2929999999977
2020-05-14,589.9279999999987
2020-05-15,625.0859999999976
2020-05-16,196.17299999999983
2020-05-17,273.92999999999984
2020-05-18,625.0429999999982
2020-05-19,840.6009999999965
2020-05-02,261.32299999999987
2020-05-20,754.8889999999961
2020-05-21,694.0369999999974
2020-05-22,524.8139999999989
2020-05-23,296.2659999999996
2020-05-24,205.31399999999994
2020-05-25,314.59899999999965
2020-05-26,554.122999999999
2020-05-27,744.7359999999969
2020-05-28,628.9169999999982
2020-05-29,482.6009999999995
2020-05-03,282.85199999999986
2020-05-30,180.521
2020-05-31,179.5529999999999
2020-05-04,730.611999999999
2020-05-05,556.2089999999992
2020-05-06,525.9839999999995
2020-05-07,543.3109999999988
2020-05-08,510.39999999999924
2020-05-09,218.08200000000005
2020-06-01,527.1769999999991
2020-06-10,885.3559999999958
2020-06-11,840.994999999996
2020-06-12,611.9719999999988
2020-06-13,208.31599999999992
2020-06-14,360.4199999999996
2020-06-15,704.4529999999969
2020-06-16,723.7219999999979
2020-06-17,760.4829999999962
2020-06-18,796.5089999999968
2020-06-19,752.7299999999968
2020-06-02,600.090999999999
2020-06-20,289.5459999999998
2020-06-21,333.33599999999944
2020-06-22,768.5689999999968
2020-06-23,1030.5039999999954
2020-06-24,817.5899999999965
2020-06-25,712.5139999999976
2020-06-26,942.6899999999956
2020-06-27,272.05899999999974
2020-06-28,354.4509999999995
2020-06-29,701.9189999999969
2020-06-03,688.4399999999981
2020-06-30,765.371999999997
2020-06-04,836.152999999997
2020-06-05,762.6519999999957
2020-06-06,222.49899999999974
2020-06-07,282.1489999999999
2020-06-08,680.2009999999976
2020-06-09,1022.0209999999948
2020-07-01,1102.9899999999946
2020-07-10,1184.3289999999931
2020-07-11,416.78799999999944
2020-07-12,491.3099999999997
2020-07-13,1346.1419999999885
2020-07-14,1039.9909999999936
2020-07-15,943.946999999995
2020-07-16,909.7649999999956
2020-07-17,799.2389999999966
2020-07-18,399.53499999999974
2020-07-19,387.67799999999977
2020-07-02,1020.1729999999948
2020-07-20,1403.1749999999881
2020-07-21,1312.6379999999895
2020-07-22,1008.4979999999947
2020-07-23,1281.1949999999927
2020-07-24,1293.2119999999938
2020-07-25,555.4619999999995
2020-07-26,498.6029999999997
2020-07-27,1092.0909999999947
2020-07-28,839.463999999997
2020-07-29,1381.1659999999927
2020-07-03,362.6029999999997
2020-07-30,2721.4080000000113
2020-07-31,2120.2859999999814
2020-07-04,242.60099999999989
2020-07-05,332.74599999999987
2020-07-06,1421.0209999999893
2020-07-07,1230.537999999992
2020-07-08,1157.8519999999933
2020-07-09,1330.4399999999914
2020-08-01,524.2709999999995
2020-08-10,1034.7149999999947
2020-08-11,1069.9069999999942
2020-08-12,1088.2479999999944
2020-08-13,1062.3349999999948
2020-08-14,908.4799999999954
2020-08-15,453.0579999999993
2020-08-16,376.80899999999974
2020-08-17,1085.6309999999942
2020-08-18,1708.440999999987
2020-08-19,1472.7779999999898
2020-08-02,374.8639999999998
2020-08-20,1187.2239999999924
2020-08-21,1197.1239999999925
2020-08-22,707.335999999998
2020-08-23,695.5609999999986
2020-08-24,1155.3269999999934
2020-08-25,1039.3059999999946
2020-08-26,1349.2039999999906
2020-08-27,1097.4699999999934
2020-08-28,809.6479999999976
2020-08-29,381.1239999999996
2020-08-03,1060.7419999999945
2020-08-30,363.15099999999956
2020-08-31,1139.2759999999919
2020-08-04,918.2349999999957
2020-08-05,917.083999999996
2020-08-06,990.5699999999949
2020-08-07,925.5539999999951
2020-08-08,306.00899999999984
2020-08-09,393.04599999999976
2020-09-01,1066.7159999999947
2020-09-10,883.4669999999958
2020-09-11,832.9589999999966
2020-09-12,398.34099999999984
2020-09-13,349.92099999999965
2020-09-14,988.1419999999953
2020-09-15,985.3199999999943
2020-09-16,1046.2259999999947
2020-09-17,1169.856999999993
2020-09-18,1044.414999999994
2020-09-19,577.6059999999989
2020-09-02,940.6079999999945
2020-09-20,539.8179999999994
2020-09-21,1170.6599999999933
2020-09-22,1548.4869999999896
2020-09-23,1239.8309999999913
2020-09-24,1187.0639999999942
2020-09-25,968.8709999999963
2020-09-26,320.92699999999996
2020-09-27,262.9519999999998
2020-09-28,857.3009999999966
2020-09-29,978.1139999999963
2020-09-03,1065.5479999999943
2020-09-30,1094.468999999994
2020-09-04,1108.395999999995
2020-09-05,399.4609999999996
2020-09-06,304.25899999999984
2020-09-07,503.267999999999
2020-09-08,1012.902999999996
2020-09-09,926.1209999999952
2021-01-01,383.977
