time,iv_30,noise
2019-12-30,,448.9879999999997
2019-12-31,26.4594,355.7619999999997
2020-01-01,27.6473,147.40100000000007
2020-01-02,28.8352,472.1919999999995
2020-01-03,28.8904,417.7039999999996
2020-01-04,29.0466,148.65600000000006
2020-01-05,29.2028,195.01799999999983
2020-01-06,29.359,575.238999999999
2020-01-07,28.9497,467.9169999999995
2020-01-08,28.4104,503.2809999999991
2020-01-09,27.7316,457.8479999999998
2020-01-10,27.4318,418.4179999999998
2020-01-11,27.33213333333333,168.00200000000004
2020-01-12,27.232466666666667,152.78000000000003
2020-01-13,27.1328,376.852
2020-01-14,27.4463,492.74799999999937
2020-01-15,27.6097,424.9009999999998
2020-01-16,27.13295,415.3739999999996
2020-01-17,26.6562,450.8219999999996
2020-01-18,27.041275,206.76799999999992
2020-01-19,27.42635,170.25800000000012
2020-01-20,27.811425,185.535
2020-01-21,28.1965,451.1919999999996
2020-01-22,27.9757,508.0129999999991
2020-01-23,27.0243,410.6569999999997
2020-01-24,26.8781,445.7229999999996
2020-01-25,27.533133333333332,210.78599999999992
2020-01-26,28.188166666666667,193.047
2020-01-27,28.8432,507.6479999999995
2020-01-28,26.6586,417.4959999999997
2020-01-29,27.226,402.2879999999995
2020-01-30,26.6934,908.4989999999956
2020-01-31,25.2685,1155.5469999999932
2020-02-01,24.8229,329.576
2020-02-02,24.377299999999998,258.0420000000001
2020-02-03,23.9317,560.755999999999
2020-02-04,22.7728,593.9589999999992
2020-02-05,23.1198,523.7839999999992
2020-02-06,21.827,426.9589999999996
2020-02-07,23.833,525.0919999999994
2020-02-08,24.29123333333333,184.43499999999997
2020-02-09,24.749466666666667,194.38299999999995
2020-02-10,25.2077,647.365999999998
2020-02-11,26.9115,740.4509999999981
2020-02-12,24.8652,560.594999999999
2020-02-13,24.1382,601.9589999999984
2020-02-14,22.0532,466.7519999999992
2020-02-15,22.3144,190.63300000000012
2020-02-16,22.5756,174.076
2020-02-17,22.8368,257.28099999999995
2020-02-18,23.098,508.33499999999975
2020-02-19,22.0996,507.3249999999993
2020-02-20,22.5506,472.91799999999927
2020-02-21,25.0702,478.1139999999996
2020-02-22,26.890633333333334,153.6980000000001
2020-02-23,28.711066666666667,164.503
2020-02-24,30.5315,472.6959999999994
2020-02-25,33.4017,541.635999999999
2020-02-26,32.1796,481.4779999999992
2020-02-27,41.8025,634.4389999999984
2020-02-28,44.3697,598.9509999999985
2020-02-29,40.96843333333334,202.0
2020-03-01,37.567166666666665,155.33000000000007
2020-03-02,34.1659,406.6969999999998
2020-03-03,38.7959,517.541999999999
2020-03-04,32.4625,449.1489999999997
2020-03-05,40.1373,475.0959999999996
2020-03-06,40.4829,508.084999999999
2020-03-07,43.6846,149.354
2020-03-08,46.8863,144.00599999999994
2020-03-09,50.088,607.061999999998
2020-03-10,42.9014,455.29599999999937
2020-03-11,47.2606,507.7229999999992
2020-03-12,62.3372,559.3299999999982
2020-03-13,49.9429,511.20699999999937
2020-03-14,55.86966666666667,158.59600000000003
2020-03-15,61.79643333333334,253.91699999999983
2020-03-16,67.7232,475.3809999999992
2020-03-17,62.0254,592.2399999999989
2020-03-18,62.0002,592.713999999999
2020-03-19,56.9276,532.0659999999992
2020-03-20,54.6944,462.68799999999936
2020-03-21,53.63673333333333,208.943
2020-03-22,52.57906666666667,194.535
2020-03-23,51.5214,524.9889999999992
2020-03-24,48.8696,530.8279999999995
2020-03-25,52.9528,511.3339999999992
2020-03-26,48.7407,378.9939999999997
2020-03-27,50.6389,354.3229999999999
2020-03-28,49.07326666666667,141.09900000000002
2020-03-29,47.50763333333333,184.52100000000004
2020-03-30,45.942,415.14699999999993
2020-03-31,44.1339,394.97799999999984
2020-04-01,46.7215,462.7519999999997
2020-04-02,42.8052,450.4919999999996
2020-04-03,41.7691,383.62199999999984
2020-04-04,40.125366666666665,158.73800000000003
2020-04-05,38.481633333333335,155.06000000000006
2020-04-06,36.8379,404.865
2020-04-07,37.8044,417.7889999999996
2020-04-08,36.6346,438.9679999999995
2020-04-09,36.038,412.81399999999945
2020-04-10,37.665974999999996,169.9639999999999
2020-04-11,39.293949999999995,139.09900000000005
2020-04-12,40.921925,218.441
2020-04-13,42.5499,1027.4959999999955
2020-04-14,45.1349,1038.0539999999962
2020-04-15,47.1903,877.0589999999967
2020-04-16,54.2966,1217.5839999999926
2020-04-17,53.8399,833.109999999997
2020-04-18,53.3722,268.771
2020-04-19,52.9045,277.9149999999998
2020-04-20,52.4368,731.8819999999971
2020-04-21,54.341,639.7309999999982
2020-04-22,48.7427,500.5289999999998
2020-04-23,47.9395,685.0829999999976
2020-04-24,44.8566,555.2139999999989
2020-04-25,44.52973333333333,322.8269999999999
2020-04-26,44.202866666666665,351.82399999999967
2020-04-27,43.876,792.8939999999972
2020-04-28,43.8983,708.3569999999972
2020-04-29,43.9607,668.3669999999983
2020-04-30,44.1037,1320.9139999999904
2020-05-01,36.5284,1050.6269999999956
2020-05-02,35.9294,261.32299999999987
2020-05-03,35.3304,282.85199999999986
2020-05-04,34.7314,730.611999999999
2020-05-05,31.8141,556.2089999999992
2020-05-06,31.9707,525.9839999999995
2020-05-07,30.2176,543.3109999999988
2020-05-08,26.6886,510.3999999999992
2020-05-09,27.0472,218.08200000000005
2020-05-10,27.4058,218.671
2020-05-11,27.7644,696.798999999998
2020-05-12,29.0628,656.7749999999978
2020-05-13,30.9563,721.2929999999977
2020-05-14,29.1142,589.9279999999987
2020-05-15,27.5462,625.0859999999976
2020-05-16,27.230933333333333,196.17299999999983
2020-05-17,26.915666666666667,273.92999999999984
2020-05-18,26.6004,625.0429999999982
2020-05-19,28.2106,840.6009999999965
2020-05-20,28.837,754.8889999999961
2020-05-21,29.7501,694.0369999999974
2020-05-22,27.6432,524.8139999999989
2020-05-23,27.7077,296.2659999999996
2020-05-24,27.772199999999998,205.31399999999996
2020-05-25,27.8367,314.59899999999965
2020-05-26,27.9012,554.122999999999
2020-05-27,27.7848,744.7359999999969
2020-05-28,28.2804,628.9169999999982
2020-05-29,26.3034,482.6009999999995
2020-05-30,26.4356,180.521
2020-05-31,26.5678,179.5529999999999
2020-06-01,26.7,527.1769999999991
2020-06-02,25.936,600.090999999999
2020-06-03,25.0767,688.4399999999981
2020-06-04,26.037,836.152999999997
2020-06-05,24.0766,762.6519999999957
2020-06-06,24.930166666666665,222.4989999999997
2020-06-07,25.783733333333334,282.1489999999999
2020-06-08,26.6373,680.2009999999976
2020-06-09,29.896,1022.0209999999948
2020-06-10,29.4703,885.3559999999958
2020-06-11,37.4223,840.994999999996
2020-06-12,32.856,611.9719999999988
2020-06-13,32.8207,208.31599999999992
2020-06-14,32.7854,360.4199999999996
2020-06-15,32.7501,704.4529999999969
2020-06-16,30.7391,723.7219999999979
2020-06-17,31.2881,760.4829999999962
2020-06-18,30.8644,796.5089999999968
2020-06-19,31.0512,752.7299999999968
2020-06-20,31.990366666666667,289.5459999999998
2020-06-21,32.92953333333333,333.33599999999944
2020-06-22,33.8687,768.5689999999968
2020-06-23,34.5484,1030.5039999999954
2020-06-24,37.6112,817.5899999999965
2020-06-25,36.6856,712.5139999999976
2020-06-26,39.9664,942.6899999999956
2020-06-27,40.06143333333333,272.05899999999974
2020-06-28,40.15646666666667,354.4509999999995
2020-06-29,40.2515,701.9189999999969
2020-06-30,39.2404,765.371999999997
2020-07-01,39.7312,1102.9899999999946
2020-07-02,39.1253,1020.1729999999948
2020-07-03,40.289475,362.6029999999997
2020-07-04,41.453649999999996,242.60099999999989
2020-07-05,42.617824999999996,332.74599999999987
2020-07-06,43.782,1421.0209999999893
2020-07-07,45.8308,1230.537999999992
2020-07-08,46.3654,1157.8519999999933
2020-07-09,51.4452,1330.4399999999914
2020-07-10,52.3267,1184.3289999999931
2020-07-11,54.96776666666667,416.7879999999994
2020-07-12,57.60883333333333,491.3099999999997
2020-07-13,60.2499,1346.1419999999885
2020-07-14,63.0306,1039.9909999999936
2020-07-15,57.4307,943.946999999995
2020-07-16,56.8476,909.7649999999956
2020-07-17,52.5991,799.2389999999966
2020-07-18,53.26906666666667,399.5349999999997
2020-07-19,53.939033333333334,387.67799999999977
2020-07-20,54.609,1403.174999999988
2020-07-21,52.3335,1312.6379999999897
2020-07-22,50.5772,1008.4979999999948
2020-07-23,49.682,1281.194999999993
2020-07-24,48.7034,1293.2119999999938
2020-07-25,47.90296666666667,555.4619999999995
2020-07-26,47.102533333333334,498.6029999999997
2020-07-27,46.3021,1092.090999999995
2020-07-28,46.0562,839.463999999997
2020-07-29,43.9256,1381.165999999993
2020-07-30,43.5244,2721.4080000000117
2020-07-31,35.2086,2120.2859999999814
2020-08-01,35.09453333333333,524.2709999999995
2020-08-02,34.980466666666665,374.8639999999998
2020-08-03,34.8664,1060.7419999999945
2020-08-04,35.128,918.2349999999956
2020-08-05,34.8714,917.083999999996
2020-08-06,33.7676,990.5699999999948
2020-08-07,34.997,925.5539999999952
2020-08-08,35.03423333333333,306.00899999999984
2020-08-09,35.071466666666666,393.04599999999976
2020-08-10,35.1087,1034.7149999999947
2020-08-11,35.0007,1069.9069999999942
2020-08-12,32.1078,1088.2479999999944
2020-08-13,34.1598,1062.3349999999948
2020-08-14,31.9721,908.4799999999954
2020-08-15,32.00403333333333,453.0579999999993
2020-08-16,32.03596666666667,376.8089999999997
2020-08-17,32.0679,1085.6309999999942
2020-08-18,36.663,1708.440999999987
2020-08-19,36.3484,1472.7779999999898
2020-08-20,34.5125,1187.2239999999924
2020-08-21,35.4733,1197.1239999999923
2020-08-22,36.153,707.335999999998
2020-08-23,36.8327,695.5609999999986
2020-08-24,37.5124,1155.3269999999934
2020-08-25,38.8199,1039.3059999999946
2020-08-26,41.0131,1349.2039999999906
2020-08-27,41.5776,1097.4699999999934
2020-08-28,40.1597,809.6479999999976
2020-08-29,40.3082,381.1239999999996
2020-08-30,40.456700000000005,363.1509999999996
2020-08-31,40.6052,1139.275999999992
2020-09-01,39.8394,1066.715999999995
2020-09-02,42.7594,940.6079999999944
2020-09-03,49.9663,1065.5479999999943
2020-09-04,48.8003,1108.395999999995
2020-09-05,49.146025,399.4609999999996
2020-09-06,49.491749999999996,304.25899999999984
2020-09-07,49.837475,503.267999999999
2020-09-08,50.1832,1012.902999999996
2020-09-09,42.6479,926.1209999999952
2020-09-10,43.9978,883.4669999999958
2020-09-11,40.5228,832.9589999999966
2020-09-12,40.93033333333333,398.34099999999984
2020-09-13,41.33786666666666,349.92099999999965
2020-09-14,41.7454,988.1419999999952
2020-09-15,41.0451,985.3199999999944
2020-09-16,43.3587,1046.2259999999949
2020-09-17,43.6469,1169.856999999993
2020-09-18,43.3585,1044.414999999994
2020-09-19,43.9291,577.6059999999989
2020-09-20,44.499700000000004,539.8179999999994
2020-09-21,45.0703,1170.6599999999933
2020-09-22,46.0501,1548.4869999999896
2020-09-23,47.9869,1239.8309999999913
2020-09-24,48.4044,1187.0639999999942
2020-09-25,46.8804,968.8709999999965
2020-09-26,47.13326666666667,320.927
2020-09-27,47.38613333333333,262.9519999999998
2020-09-28,47.639,857.3009999999966
2020-09-29,47.7541,978.1139999999964
2020-09-30,47.4765,1094.468999999994
2020-10-01,49.6185,1021.5629999999946
2020-10-02,52.1217,949.9419999999956
2020-10-03,52.29696666666666,367.2649999999997
2020-10-04,52.472233333333335,429.9619999999995
2020-10-05,52.6475,1025.1289999999965
2020-10-06,54.0525,1133.9499999999946
2020-10-07,51.67,1117.2329999999945
2020-10-08,50.5203,928.668999999996
2020-10-09,47.5449,1097.1649999999945
2020-10-10,48.054633333333335,489.2669999999993
2020-10-11,48.564366666666665,594.0189999999985
2020-10-12,49.0741,1643.3959999999872
2020-10-13,48.5948,1401.4469999999906
2020-10-14,52.0003,1080.8959999999945
2020-10-15,52.9972,1012.9609999999956
2020-10-16,58.9524,994.022999999995
2020-10-17,57.42613333333333,465.51399999999984
2020-10-18,55.89986666666667,412.07899999999984
2020-10-19,54.3736,935.781999999996
2020-10-20,54.3051,1027.9349999999963
2020-10-21,52.3488,987.359999999996
2020-10-22,50.1087,1053.439999999996
2020-10-23,49.9384,1086.2939999999949
2020-10-24,51.0401,438.7659999999996
2020-10-25,52.141799999999996,479.3009999999993
2020-10-26,53.2435,991.689999999996
2020-10-27,50.0096,805.6349999999965
2020-10-28,53.6877,902.008999999995
2020-10-29,49.045,1803.103999999984
2020-10-30,46.8933,1292.4459999999915
2020-10-31,46.24746666666667,340.6759999999999
2020-11-01,45.60163333333334,333.04999999999995
2020-11-02,44.9558,892.9549999999964
2020-11-03,43.6904,755.9759999999973
2020-11-04,39.0648,809.5119999999971
2020-11-05,36.9244,771.1109999999965
2020-11-06,35.3334,643.7519999999981
2020-11-07,35.716499999999996,251.283
2020-11-08,36.0996,198.80100000000007
2020-11-09,36.4827,857.7069999999957
2020-11-10,38.3096,847.540999999998
2020-11-11,35.1349,793.2019999999972
2020-11-12,36.0726,697.1529999999979
2020-11-13,34.5612,681.3749999999974
2020-11-14,33.91993333333333,259.222
2020-11-15,33.278666666666666,324.83899999999994
2020-11-16,32.6374,715.4399999999973
2020-11-17,32.7735,1255.5229999999913
2020-11-18,32.8239,847.9209999999956
2020-11-19,32.4424,822.8579999999968
2020-11-20,31.9025,782.1219999999972
2020-11-21,31.560666666666666,304.83599999999973
2020-11-22,31.218833333333333,275.3860000000001
2020-11-23,30.877,772.0459999999963
2020-11-24,29.9201,877.5249999999962
2020-11-25,30.2842,908.9049999999968
2020-11-26,30.47048,291.223
2020-11-27,30.65676,640.2159999999981
2020-11-28,30.84304,321.3230000000001
2020-11-29,31.02932,388.9539999999999
2020-11-30,31.2156,794.3519999999966
2020-12-01,30.9514,1232.8789999999915
2020-12-02,31.0559,1020.8609999999936
2020-12-03,30.7596,849.8849999999957
2020-12-04,29.9767,861.3659999999962
2020-12-05,30.45126666666667,418.5789999999997
2020-12-06,30.925833333333333,409.6899999999997
2020-12-07,31.4004,819.5489999999962
2020-12-08,31.9948,943.2609999999949
2020-12-09,33.4142,912.7429999999944
2020-12-10,32.9685,875.1909999999959
2020-12-11,33.1989,720.2889999999975
2020-12-12,33.25856666666667,329.30799999999977
2020-12-13,33.31823333333333,368.4989999999996
2020-12-14,33.3779,949.5759999999948
2020-12-15,32.6345,988.7909999999948
2020-12-16,32.63,1231.9579999999908
2020-12-17,32.2549,1009.5649999999948
2020-12-18,31.8798,786.5589999999967
2020-12-19,31.738233333333334,377.541
2020-12-20,31.596666666666668,410.9979999999997
2020-12-21,31.4551,767.7299999999966
2020-12-22,31.0693,797.2679999999967
2020-12-23,29.8523,812.1259999999967
2020-12-24,30.85318,548.3099999999991
2020-12-25,31.854059999999997,169.58200000000008
2020-12-26,32.85494,247.67999999999995
2020-12-27,33.855819999999994,299.869
2020-12-28,34.8567,1024.244999999994
2020-12-29,34.7239,957.817999999996
2020-12-30,34.4578,804.9029999999975
2020-12-31,35.289,700.8719999999983
2021-01-01,35.289,383.977
